post_id,booth_id,post_text,likes,shares,comments,date
1,B029,Mother free trip a sell.,17,5,1,2022-11-05
2,B046,Action nearly party black improve much step career.,48,16,4,2021-07-15
3,B007,Pressure and black expect assume.,9,17,0,2023-01-17
4,B030,Return into reveal toward only.,16,9,7,2022-12-21
5,B001,Everything property special character society single attorney street reveal current political source physical red.,3,7,7,2023-03-21
6,B004,Pretty paper positive notice listen medical.,43,0,15,2023-11-03
7,B034,One game establish also industry lot.,11,17,10,2023-08-14
8,B008,Network performance level out inside shoulder group reach table.,0,8,1,2025-07-24
9,B036,Show wrong management know performance heavy not point.,48,5,12,2021-06-29
10,B044,Make state Congress Mr student benefit lawyer let inside.,9,9,7,2023-10-13
11,B048,Together answer view say day military increase whatever president.,49,5,0,2023-10-20
12,B036,His peace hope leader total no.,47,8,14,2023-01-12
13,B036,Eat begin why case himself thousand sea coach woman yes indeed such I its officer entire.,25,20,4,2021-02-22
14,B026,How million see wind guy memory including store performance example find.,10,2,3,2023-10-21
15,B043,Kitchen car network author understand specific artist maintain.,26,4,10,2021-11-15
16,B034,Energy pay modern.,24,0,15,2025-10-23
17,B019,Her thank fight music himself.,43,9,13,2020-11-30
18,B035,Politics you say protect but claim important case provide.,2,2,2,2024-01-17
19,B033,Move occur grow make some money save region bag finally summer forward sense.,7,11,14,2023-04-10
20,B025,Take blood note magazine police fill.,43,14,15,2024-06-14
21,B020,Meeting occur add future.,37,4,13,2021-06-28
22,B040,Fire likely energy girl into.,24,15,14,2023-03-19
23,B009,Wonder article impact like point shoulder agent opportunity peace fact question know former standard.,29,0,7,2025-04-21
24,B024,Address far pressure story.,12,1,6,2022-07-09
25,B022,Religious any provide.,1,13,8,2021-03-04
26,B022,Factor teach by officer somebody a call government yard part again.,10,13,5,2025-11-14
27,B044,Ready woman official campaign administration food budget save for public least accept face.,25,5,15,2023-08-16
28,B008,Agree never TV feel thousand American mission billion huge under care board eye.,28,10,6,2025-06-13
29,B011,See former physical board.,13,20,0,2022-01-11
30,B036,Board director debate eight senior benefit space certainly fall see pick.,44,0,5,2023-12-29
31,B010,Voice could thousand will run yourself along seek leg.,32,18,15,2023-04-06
32,B044,Every itself east fire single forward.,27,7,5,2023-07-20
33,B015,Way senior could citizen in project like gun mouth send hotel offer result hundred later.,25,11,6,2024-02-04
34,B021,Speak budget degree walk herself write return through memory remain approach away none health leg.,43,14,6,2023-11-18
35,B007,Administration gun action body staff.,22,14,5,2022-07-21
36,B004,Save tough art show family.,20,12,1,2023-09-09
37,B016,Recently what business different attorney teach part director place actually.,38,12,6,2024-07-18
38,B046,I win forward particular option walk.,13,4,10,2021-07-30
39,B048,Bit listen total sit pick name interesting think dog local among TV.,45,18,12,2021-10-06
40,B006,Free ahead apply prepare series compare exist road those.,17,8,8,2025-07-22
41,B011,Often society thus usually him.,33,2,13,2025-06-02
42,B020,Style physical point culture concern beat firm.,33,2,10,2021-08-28
43,B036,All media fly mission bring color evidence respond imagine executive camera.,7,9,13,2023-06-28
44,B026,Former car alone upon financial interest ok production necessary threat level else enter five responsibility forward child white his.,31,16,0,2023-06-03
45,B005,Long billion challenge always affect generation stuff really land north force piece nature garden think blood.,21,3,9,2021-09-16
46,B026,Just same describe certain news behind sing course compare today continue conference air.,3,4,3,2024-01-11
47,B021,Box get scientist radio yeah ability.,3,20,5,2024-11-08
48,B032,Idea for mission time rather billion represent back plant man decide particular how behind else event.,43,11,11,2023-05-09
49,B021,Perform people south produce skill appear central around.,20,5,8,2025-05-21
50,B026,Indeed them paper production contain maybe reach simple.,12,11,14,2024-12-10
51,B002,Baby tonight opportunity apply know cultural high final.,45,12,12,2024-11-07
52,B005,Mother sound raise property too food music security few check control save.,47,9,10,2025-10-15
53,B029,Reason ten option area.,1,14,3,2025-01-24
54,B039,Mrs back week there hand trouble area occur know listen stand series.,35,8,15,2024-05-29
55,B029,Despite yet compare until growth.,26,11,13,2025-03-20
56,B016,Pretty whether subject economic enough consider second less.,27,20,4,2022-05-17
57,B012,White ready author shoulder world wind particularly view behind court place may continue floor rather.,23,4,7,2023-01-05
58,B010,Suddenly turn have thank add character individual heart book soon item color front throughout voice human least.,9,13,3,2025-03-01
59,B039,Quite style stock what record natural daughter entire suddenly leave.,17,20,4,2022-07-07
60,B040,According decision class else record beyond hospital force address system spring military forward security almost director practice set nature.,43,0,2,2023-02-06
61,B030,Market easy poor position environmental whatever administration live teach artist.,9,8,10,2022-07-12
62,B041,Structure bring pay sometimes somebody he which floor save study bit.,45,2,5,2021-04-07
63,B045,Do life north very be plan which method would might bring.,40,6,8,2022-08-31
64,B005,Deal military wait without author great.,27,18,0,2023-04-04
65,B025,Small during current door industry old kid television sing black.,36,17,6,2021-07-19
66,B031,Treatment possible bed drop treat late wind might so structure camera hand population administration sort.,23,0,6,2023-03-23
67,B032,Yard evidence maintain individual these serve American other dinner each meet plant not pattern.,46,15,9,2023-10-22
68,B041,Across girl price positive miss.,45,12,12,2022-10-30
69,B002,Require summer seek part son court yet run camera.,20,8,3,2025-09-06
70,B018,Different radio turn need key project industry sport station ask although ability.,24,7,12,2021-06-24
71,B010,Lead arm lead quality term word.,44,0,9,2022-11-07
72,B047,Spring score animal force explain.,10,8,14,2025-05-09
73,B037,Do air left daughter away forget seat success fear.,38,13,12,2022-01-30
74,B013,Than main fish media common ball culture kitchen better and sit body bag.,8,2,10,2024-11-10
75,B037,Behavior somebody civil occur general need back state anyone officer they administration support situation stay particular.,15,4,13,2024-04-20
76,B013,Choice against to performance low involve help.,29,0,6,2021-04-11
77,B037,Approach without wife I inside move.,44,15,15,2024-06-27
78,B041,Former four safe through happy seek go who much activity eight manager federal as reveal different fine book seek.,23,9,5,2025-10-15
79,B006,Back less knowledge whom.,37,5,15,2023-01-27
80,B020,Tax hear radio together south much low break address recent give increase total against some recently property.,6,11,15,2022-08-23
81,B033,Trip together happen toward among unit.,16,7,3,2024-06-15
82,B034,Want often unit change clear behind.,7,9,11,2022-07-06
83,B035,Day beautiful night of carry detail house fill water pull.,23,16,3,2023-11-08
84,B038,International born turn scene question organization standard century entire nothing as approach.,13,3,2,2023-06-18
85,B037,Speak argue author win shake both staff.,48,0,10,2023-06-20
86,B007,Building build market billion carry kid.,37,3,0,2023-08-05
87,B002,Agent protect act explain I owner election standard wind require.,0,13,3,2023-10-26
88,B031,Our often build though audience knowledge type stuff include great under difference which nice away explain five hand.,29,11,6,2025-04-30
89,B016,Common force social mouth instead day prepare artist put money play rock only Congress travel.,11,6,15,2024-03-17
90,B041,West language blood big street officer model stuff store.,29,11,9,2025-05-24
91,B048,Drug speak tell product blue but yeah enter play card security tax company majority.,25,18,3,2023-10-31
92,B011,Rock young lawyer management range stand seem race everyone.,39,8,9,2025-05-17
93,B018,Reduce budget pass create carry third great.,10,9,7,2023-12-20
94,B026,Plant to someone later management total that population make.,24,2,10,2021-11-28
95,B012,All sense little agent cost wear.,5,20,3,2022-09-05
96,B020,Consider pass speech president alone majority feeling color religious say manager.,30,4,14,2023-05-07
97,B041,Commercial human firm west local fund other study its community middle particular.,5,1,8,2023-10-05
98,B038,Hand training exist owner special on amount condition design ever pick Mrs.,13,4,5,2022-10-10
99,B045,Become around travel discussion pay.,50,2,11,2023-04-16
100,B032,Support cost that job black week whether board father sport listen music year.,26,12,13,2025-11-15
101,B043,Identify national across cause bad his drive.,43,20,0,2022-03-19
102,B006,Remember instead threat rise building home.,27,12,11,2023-12-02
103,B039,Rich employee success light others quality trade describe college right impact election establish.,34,12,10,2022-03-15
104,B020,Reason art city image consider know fine imagine pick baby way.,15,15,2,2023-12-09
105,B007,Require model place structure practice hundred probably state when run inside wait total kid past perform now market.,43,10,3,2021-05-15
106,B037,Issue page guy lay none happy join peace few possible subject property property vote off.,25,9,2,2022-03-08
107,B025,Short reality national race impact about.,8,19,13,2025-03-07
108,B009,Red feel turn generation remember management contain participant.,36,12,13,2021-12-13
109,B032,Military camera according old media wide west role seat serious see city American court.,35,11,6,2021-05-01
110,B011,Point upon between federal then physical sell take international hard feeling however trouble far street.,18,7,0,2024-09-25
111,B005,South family later trade less.,17,5,4,2021-01-03
112,B037,And team within friend.,12,15,12,2023-06-19
113,B011,Student work soldier write fear scene collection now goal gun table floor commercial shake church spring method before simply.,27,6,14,2022-11-21
114,B046,Whose season street sign early night machine development little leg.,29,8,11,2022-06-12
115,B039,Hair guy teach there final compare skin response learn where Mr.,20,3,8,2022-09-01
116,B027,Public over character power though and put me station Democrat.,27,7,1,2025-10-25
117,B015,Never yourself PM start choose individual talk training involve example game fire exist.,19,4,12,2022-01-11
118,B040,Person strategy computer election east government onto fear society wall pull.,8,1,10,2025-11-20
119,B038,Feel what involve charge one option knowledge.,7,20,11,2022-09-15
120,B002,Compare rise table contain performance control.,15,12,15,2025-11-08
121,B005,Arm degree maintain significant bring seem bank.,1,18,0,2023-02-28
122,B021,Also get plan first economy rule unit fill job dinner president especially four role get attention without beautiful.,46,8,1,2021-07-08
123,B005,Home bad like easy particular have after skill in member whether provide fill.,13,8,8,2022-02-07
124,B012,Until statement produce over.,47,19,8,2024-07-29
125,B043,Stock significant wonder choice offer never technology hand police also stock form campaign order laugh bring agent.,5,0,7,2022-05-16
126,B048,Then sense trade manager just however.,10,0,6,2023-07-28
127,B001,Design guy just determine onto fill right book price issue close stock plan pay.,15,10,9,2022-04-13
128,B009,They eight minute employee behind church glass similar body customer offer rise.,29,13,7,2025-08-05
129,B030,Different out until laugh perhaps side great who.,39,11,7,2021-05-24
130,B048,Cause one company receive five ask campaign he interview chair avoid finish owner drop figure term especially.,41,8,8,2025-01-28
131,B008,Book where parent short pick surface main fall somebody yet man night.,42,16,2,2023-02-16
132,B046,Into guy else grow heart service material sound beyond seem during partner another.,29,10,8,2025-06-11
133,B009,Name heart describe necessary travel clearly available economy population such.,44,7,2,2021-09-30
134,B040,Pass fast mention happen computer.,26,4,0,2024-05-28
135,B001,Kitchen sometimes leg phone sure require or increase forward specific budget.,34,0,6,2023-03-24
136,B037,Performance drive bad understand skin teacher both hold.,20,19,12,2021-10-26
137,B034,Local American now another.,42,13,12,2023-11-16
138,B035,Meeting get business investment reach its successful music boy us sort executive door.,15,5,7,2021-07-22
139,B028,Response water world include believe say different.,40,12,0,2023-12-11
140,B047,Would range court sign option pass low fast wife particular cost certain back.,4,5,4,2023-10-03
141,B021,Girl language relationship father notice including teacher expert watch very.,1,10,15,2020-12-16
142,B017,People probably wife contain simple many century few which attack amount least south property than.,24,9,6,2023-12-29
143,B001,Job painting today value guy enter be.,12,15,14,2022-02-01
144,B043,Ground imagine simple decision first country rather opportunity term.,26,0,3,2023-04-25
145,B007,Space democratic forget bill spend official try stop free break wrong no arm friend consider especially expert raise.,18,8,1,2025-02-06
146,B026,Something nor wide probably activity ever seven base range vote.,15,1,12,2024-09-02
147,B006,Democrat create wonder foreign bill see return power growth feel major.,37,12,3,2023-04-30
148,B019,Sure particular effect have cut table similar.,20,1,13,2025-09-04
149,B018,Control day with kitchen thing bar form during policy.,40,14,1,2023-12-23
150,B043,Morning catch myself we field author book before song meeting.,35,19,11,2024-01-18
151,B013,Guy central early artist institution cold use.,41,6,8,2025-09-03
152,B030,Or see commercial stock professional modern week write significant between born body investment life yeah five worry.,38,15,2,2025-04-27
153,B036,Company piece on quickly between difference.,36,6,13,2021-05-07
154,B042,Room chance minute similar property suffer room out water news.,38,18,14,2024-12-15
155,B016,Ground will region hot southern such anything return imagine white.,41,13,7,2021-02-09
156,B046,To nothing surface front seven listen area similar positive office.,19,7,12,2023-09-21
157,B035,Six too attention note push those movement fly buy agent.,46,11,3,2021-08-23
158,B004,Difference success material line different major indeed often image.,40,19,14,2022-02-03
159,B011,Take nation affect husband attorney strategy when room chance matter expert attorney majority.,45,8,10,2025-01-04
160,B003,Management event career should floor light.,22,16,11,2022-02-23
161,B001,Option walk miss day fine free task when market wear player.,19,8,14,2022-07-01
162,B024,Include president drug guess focus suddenly college thank glass policy about.,39,7,6,2021-05-15
163,B027,List claim turn though will worker city while yes magazine.,17,9,12,2025-01-05
164,B020,Little spring large issue usually beautiful.,36,2,3,2022-05-14
165,B032,Scene smile receive compare forward morning sister seem happy American clearly.,1,8,8,2024-06-16
166,B010,Nice lawyer interest scene also color man school executive spring probably wear.,42,16,6,2024-05-08
167,B017,Weight American tonight exist memory important exist most end economic treatment something radio campaign.,9,5,4,2022-02-01
168,B006,Run fall difficult often ability participant stuff support often meet sometimes tell.,17,12,3,2023-03-04
169,B035,Will administration light.,48,8,3,2022-12-28
170,B022,Result since month suffer thing evening tonight partner human around agree.,39,5,8,2021-11-13
171,B003,Near win three get offer admit age rest east half price smile start success sometimes.,16,13,8,2025-06-15
172,B033,Large two kid partner from role media look hundred expect conference though particular hotel thus.,50,0,0,2023-12-22
173,B022,Marriage specific drug able world mean support window.,21,2,3,2022-06-30
174,B002,Visit magazine window at whatever executive scene.,35,16,10,2025-10-02
175,B015,World billion cover discover society speak poor wish sister.,31,16,5,2021-08-19
176,B039,Technology free color another before lawyer rock interesting own yes sense.,6,20,14,2024-06-10
177,B045,Family education strong while fast least find visit.,38,18,11,2022-12-19
178,B020,Build care Democrat surface positive.,35,5,0,2021-08-16
179,B036,Indeed control every me set ever some serious.,12,6,2,2022-05-25
180,B021,Kind local room cover generation money.,11,14,11,2023-07-19
181,B040,Everyone site whose job.,49,0,12,2022-12-24
182,B046,Green after write next.,28,6,7,2025-05-28
183,B022,Lot Congress young somebody throw red care brother red under experience certainly beat child option long available attack class environmental.,31,3,1,2024-06-17
184,B021,Need movie human according us course whose think glass cell trip peace beat.,46,5,15,2024-04-03
185,B023,Five one go attention benefit imagine final.,23,17,6,2021-02-25
186,B041,The national suffer top tough professor particular.,0,5,0,2022-12-29
187,B014,Pick about grow health tell never vote box.,42,14,7,2023-02-19
188,B014,Media suggest sister professor school baby conference.,38,4,6,2023-09-30
189,B025,Worry education matter agent under American however.,26,5,2,2024-09-27
190,B049,President light bag claim board customer thing tend win become rate.,9,13,4,2022-04-17
191,B039,Station those girl under performance wide today against room spend tell.,31,18,10,2024-05-28
192,B006,Present rate official worry stop quickly appear policy special.,3,20,5,2022-06-16
193,B016,Grow specific impact office three data use gun look turn next break money event oil animal information around.,23,6,5,2023-08-13
194,B044,Option when current relate card.,49,11,10,2022-11-02
195,B034,Democratic step exactly hotel professor necessary anyone since worker enter play old amount yard surface.,0,13,0,2025-01-05
196,B047,Various low simple military will always charge position face black white college day throw woman create responsibility that sell.,17,14,2,2022-01-03
197,B006,Page suggest business eye seat value will mention strategy usually.,11,1,0,2023-03-28
198,B044,Itself first lawyer act evidence guy.,28,3,14,2024-05-09
199,B034,Fire pull push world represent.,46,5,8,2022-05-19
200,B041,Play opportunity operation thank up before learn than health but rule.,1,14,6,2023-12-20
201,B010,Where some eight individual each machine.,11,14,2,2021-07-24
202,B027,Successful degree rich pretty president security body success especially do room up gun stuff building real.,23,1,8,2024-07-30
203,B022,Agent simple out experience technology.,17,19,13,2024-09-03
204,B045,Senior large measure white occur summer reveal.,40,20,8,2021-10-27
205,B039,Sea yourself realize wall sure better decade name do scientist.,20,9,15,2021-03-21
206,B012,Late answer style might which recently magazine size might billion democratic sure around cup laugh analysis south.,50,16,10,2024-04-25
207,B050,World because summer their rule door.,42,1,1,2022-04-15
208,B032,Beyond two manager address high within early also buy now point his maybe moment or level newspaper.,35,17,9,2021-09-21
209,B043,History left give manager tell benefit trouble later generation traditional.,44,18,11,2024-09-23
210,B049,Recently sister challenge us low even fear open.,39,11,14,2023-04-24
211,B008,Actually product media reason positive next.,10,19,3,2024-11-12
212,B021,Organization paper long ask senior woman whose strong rule improve he to majority deal leg.,30,4,2,2025-08-31
213,B017,Street professional through through our result political north trip particular institution safe one.,9,19,15,2025-09-03
214,B022,Right mean first ball option improve marriage home building.,43,2,11,2024-12-11
215,B039,Concern subject difference wall attention Mrs worker order positive bed cost always ever.,36,14,3,2025-03-15
216,B001,Interview notice huge must reveal under behind how sense.,50,0,14,2024-02-16
217,B002,After pick might wife finish create light tonight television.,27,20,14,2023-04-05
218,B004,Week available attention college military language leader check hand have ask across effort recently his.,34,0,15,2025-05-25
219,B005,Floor fire teach the produce service upon evidence collection compare open store general success.,4,8,4,2024-06-03
220,B012,Also leave perform message culture within wide capital.,4,20,8,2021-04-07
221,B040,Size various style left suggest organization she by situation door window.,21,14,10,2023-09-05
222,B001,Attorney same live lawyer difference deal campaign suggest whom possible agreement bad.,39,17,2,2025-05-12
223,B003,Create heart early close project.,31,13,15,2024-01-07
224,B047,Onto support already alone.,7,9,8,2024-12-03
225,B007,Throw head sell that tonight.,6,5,15,2021-01-27
226,B021,Budget pay finally source dog think news because win only often customer reveal get night can.,43,12,13,2025-11-03
227,B049,Environment life relationship follow.,15,1,12,2022-04-07
228,B045,Safe eight peace include.,16,14,4,2024-01-27
229,B048,Parent least her coach firm be country better serious.,15,13,0,2023-01-23
230,B031,Break toward country son and very war line fish word push.,0,18,13,2021-02-12
231,B011,Leave approach instead century reason ahead would.,47,20,11,2025-10-02
232,B047,Few sometimes kid tell rock.,40,18,15,2025-11-15
233,B013,Dinner stock heavy edge son more.,16,13,7,2022-03-29
234,B024,Cover stock option.,36,7,7,2025-06-02
235,B039,House apply large take.,40,11,13,2023-01-26
236,B011,Once Mrs ten marriage mind test send.,44,12,0,2024-08-13
237,B018,Together listen difference wall myself here four under raise through me kind town.,38,13,7,2021-12-29
238,B005,Weight individual upon nature you example.,0,15,14,2024-04-09
239,B049,Officer talk light paper best.,10,1,8,2023-05-29
240,B014,Force shake then picture stay.,46,5,14,2022-09-16
241,B004,Will less suffer peace couple drug fast choose his safe so claim others room half weight air easy pick.,33,0,10,2021-05-20
242,B013,Tax director important friend situation which treatment technology approach.,7,4,12,2021-06-04
243,B034,Mind kitchen eye themselves million general police land stop game beautiful development state value enough.,15,17,3,2024-11-24
244,B014,Around despite after raise fine voice remain.,18,14,8,2021-11-12
245,B028,Fast rather personal teach course budget civil open dream evidence.,19,6,8,2022-05-14
246,B039,Increase arm hit control trip front.,12,2,6,2024-03-17
247,B010,Rise eat goal air wonder sometimes hear pull treatment system and hit decade concern however.,17,11,15,2021-05-07
248,B046,Leader our up number stand when structure more treatment.,28,14,6,2023-08-20
249,B041,And recently employee bank require alone many.,20,1,5,2022-06-30
250,B044,Single food market community control other.,6,15,2,2020-12-22
251,B038,Sell probably clearly trouble.,8,5,6,2024-03-08
252,B022,Any toward if star two necessary physical adult challenge a piece recent look when small late likely knowledge old.,2,1,3,2021-06-04
253,B036,Medical career break film too executive phone someone section.,27,6,14,2025-04-15
254,B040,Very represent person reason cause least think away discussion blood.,42,18,6,2022-12-21
255,B008,Town her past treat meet level within talk government along dinner build result.,46,9,13,2023-09-21
256,B033,It summer care sister attack body behind increase.,39,9,14,2025-06-10
257,B022,Network wrong establish everything able a song.,3,1,11,2025-06-20
258,B049,Leader sound compare maintain beautiful moment.,3,17,10,2025-10-10
259,B007,Teach technology music girl accept receive participant candidate more senior.,17,18,10,2025-06-15
260,B046,Conference value speak mission far day news.,9,1,3,2022-04-07
261,B011,Quickly hour environment his agree need Congress use responsibility western outside on chair win meeting win later.,17,6,0,2022-01-02
262,B032,List investment adult pull most strong.,23,14,14,2025-04-23
263,B016,Head amount prove car along campaign society.,7,5,2,2022-05-20
264,B030,Middle pattern buy during letter Mrs voice water draw school simple view.,17,17,10,2022-11-26
265,B040,Avoid range third still ok it central hotel human ever serve clear focus.,43,18,8,2022-09-16
266,B047,Write movement focus picture relate yet end bank.,45,0,4,2025-11-17
267,B028,Individual threat may position huge dog.,16,15,12,2023-12-15
268,B037,Word history prove money quickly professor hundred with exist arm bill free option television arm public charge.,22,0,15,2023-02-04
269,B016,About particularly cover surface wide.,22,20,3,2021-03-17
270,B049,Education little rise reason its space toward use every hold friend herself.,42,17,1,2025-04-13
271,B020,Rise level budget ahead quality daughter discover interview might now enjoy seven.,5,18,5,2022-01-16
272,B049,Career base big accept fear require when health.,40,7,2,2024-08-01
273,B047,Himself popular benefit itself series peace particular word soldier college marriage whether join class itself kid black piece figure.,36,19,14,2022-06-28
274,B047,Unit drug voice seem live truth remain party represent.,37,11,13,2021-04-27
275,B003,International add state across to large oil model win even play off value take candidate them.,3,20,10,2021-07-22
276,B008,Close alone ground suffer.,42,15,3,2022-10-31
277,B026,Home drop else garden perhaps chance policy hope success happen blood relationship friend week second.,36,19,9,2021-12-26
278,B006,Beyond factor interesting job establish leg probably decide.,2,13,4,2022-12-22
279,B028,Beyond relate stuff similar media list age evidence of hot red turn firm.,27,15,14,2025-02-25
280,B035,Population for specific open young ten feeling onto recently away.,22,8,11,2024-05-10
281,B016,Drop imagine statement matter.,0,12,11,2025-03-01
282,B035,Fall color role agency task road the job also job establish serious high eat.,6,14,12,2023-06-24
283,B008,Point prepare near about end thought herself blood of door.,1,19,5,2022-10-06
284,B035,Approach like feel moment different identify.,25,20,8,2024-12-29
285,B041,Religious treatment any through those bit rock while.,6,3,15,2025-11-07
286,B027,Threat will loss their rest well over instead visit.,40,5,2,2023-11-22
287,B004,Serve certainly attention institution cause positive raise walk.,8,11,4,2024-11-27
288,B011,Husband important these address land write not hot still make wide green front money message able serious better.,8,7,12,2023-06-28
289,B021,Season story road about alone increase perhaps west spring.,22,18,11,2022-01-21
290,B018,Respond generation loss beyond receive start change.,42,18,6,2023-03-23
291,B013,Decision relate agree Mr avoid smile event policy top everything democratic itself have article.,44,2,11,2021-12-24
292,B022,Management range plant space wonder ok pick seem mind probably rest ago effort reality.,27,15,8,2021-10-19
293,B034,Reach church by game series vote entire necessary.,44,18,4,2024-09-27
294,B028,Message deep thus your field should degree million.,29,9,14,2024-10-25
295,B038,Charge probably garden go minute grow big matter.,44,0,8,2022-11-29
296,B037,Party plant thus include.,42,3,1,2023-01-24
297,B037,Week during pay should.,7,0,14,2025-08-16
298,B036,The three here two avoid five many.,32,19,8,2023-02-16
299,B026,Place little order main its smile according ahead summer pick.,36,8,6,2024-02-10
300,B032,Fast increase senior rich top method occur allow them our seven that last.,16,15,15,2021-07-18
301,B002,Stay thought but adult instead someone thing fund attorney both.,2,6,13,2021-08-25
302,B028,Both station major figure something wrong power.,14,9,7,2024-05-05
303,B014,Down with area try property room each admit really society very back able.,32,11,2,2022-10-12
304,B002,Seat side hotel foot detail treatment mouth top time image hand not nature job woman challenge.,43,0,15,2024-03-05
305,B010,Result everybody first room group region move.,37,9,14,2023-03-28
306,B027,Rate certainly contain find real discover affect street they continue.,26,2,3,2025-10-19
307,B030,Film also quite you traditional compare mind it watch sport baby.,48,2,4,2025-01-31
308,B047,Never scene person final manage heart staff store still ground alone available.,36,3,10,2021-05-01
309,B019,Hand last clear theory.,4,1,9,2022-08-15
310,B021,Him fund defense outside change instead community check life exactly recent environmental strategy treat social whether able.,30,8,8,2022-02-04
311,B010,Pull soon wide must sister unit doctor management forget paper purpose fine blood fine address oil.,37,1,10,2022-09-26
312,B028,True brother business stand which officer light say between I model scientist course program.,43,19,0,2021-07-22
313,B048,Ready represent off citizen manage share me bar day laugh order above career company main.,31,17,14,2023-08-05
314,B046,Teacher same thank pretty forget argue right add give trade politics set American score today war them shoulder.,21,6,6,2024-06-25
315,B033,Almost can keep medical wish indeed community laugh anyone happy.,26,8,9,2022-02-18
316,B046,Executive also evening true raise cup start.,42,9,11,2022-06-27
317,B019,Marriage government every doctor character event he speak food with.,7,5,2,2022-03-08
318,B042,Because wear whatever executive environment form up.,1,0,6,2023-08-07
319,B045,Democratic yourself good discuss role lawyer half land late.,40,5,9,2025-07-09
320,B027,Fall phone government fund structure finish whom.,50,17,13,2022-05-08
321,B010,Explain focus old skin lead watch garden she.,18,18,13,2021-01-15
322,B024,Build official anyone trial have onto.,40,3,6,2023-07-15
323,B022,Support fear country set agreement cell party.,9,19,6,2024-02-07
324,B024,Population everyone best keep degree whole sit pay wrong might.,30,12,7,2025-10-16
325,B047,Size must two time machine point rise sometimes nation because clearly thank song gun public.,31,13,15,2023-09-28
326,B005,Suffer why decade property before rule.,10,7,15,2022-05-05
327,B045,Administration side nature age relate ask now economy clearly.,40,19,10,2023-12-27
328,B045,Where own season expert they with five all thought take why these.,30,7,4,2022-11-12
329,B037,Sign course throughout where other white weight energy.,45,14,13,2024-10-25
330,B010,Offer company word under well very.,19,5,11,2022-07-19
331,B049,Apply wife threat service less front about per.,10,0,1,2025-05-17
332,B048,Show what go family year smile rich need increase.,44,4,9,2021-09-09
333,B038,Look course difficult boy social go under likely size decide history mother drop heavy popular worker.,8,1,5,2022-05-22
334,B038,Street account oil evening heavy customer together film play positive statement.,47,19,13,2022-08-06
335,B025,Security despite start worker that cell after.,23,20,13,2021-06-23
336,B016,Staff seek maintain color some set future plan buy do into war wall.,19,13,9,2022-02-18
337,B033,Number bring allow mind item particular customer worry from son become whose month agree.,17,1,9,2025-01-14
338,B027,Reason listen try we live choose plan fine instead.,24,12,2,2023-11-01
339,B017,Heart forget dark wish couple.,48,19,2,2024-02-22
340,B004,International part card rest once themselves business fish move thank.,9,4,11,2024-07-12
341,B005,Special action price green plant use bring.,16,15,1,2024-11-12
342,B044,Maintain weight station night including court meeting college year product once plant positive.,35,8,14,2023-05-12
343,B017,Hundred although yourself doctor medical health start hope Mr.,11,19,7,2022-05-11
344,B008,Least civil next Mrs white education card rise at.,12,1,11,2024-06-25
345,B017,Analysis vote discussion so size parent seem building authority tend wrong Mrs north onto develop.,34,20,14,2024-12-14
346,B038,Produce network worry for vote possible my bit sea summer thing record later light current Mr compare.,42,15,1,2023-10-19
347,B025,See natural away shoulder health provide summer sound yes bad miss smile.,37,3,6,2021-08-13
348,B017,Wall bad significant camera expect window.,7,16,10,2022-12-24
349,B021,Long although guy black anything every allow amount.,28,0,12,2023-06-10
350,B029,Republican money society process.,2,8,15,2022-05-07
351,B029,Often cause begin two.,8,13,13,2025-03-01
352,B020,Cold suffer specific himself turn for.,10,1,4,2022-06-11
353,B004,Hear image gun lay bag message again matter law writer.,48,10,8,2023-01-29
354,B050,Than reach much.,20,10,12,2024-12-08
355,B028,Growth first gas join front authority reason sing.,32,0,2,2022-12-22
356,B010,Notice price hand far teacher figure number her read whatever nation write either street employee early hope miss visit laugh.,38,19,1,2023-04-28
357,B038,Above only surface expert adult nearly develop yes suffer him house hit a.,28,12,7,2023-09-21
358,B001,Major table suffer form bed natural image perform.,27,18,2,2021-07-07
359,B020,Huge certain together fast yes magazine thought common perhaps until.,38,12,1,2022-05-09
360,B046,Teacher south history pass alone drug test partner pay north next opportunity every you hair worker.,0,12,9,2025-02-17
361,B029,Character single result.,6,15,13,2022-12-28
362,B049,Machine interview it quite.,26,5,6,2024-01-18
363,B009,Film strategy draw official teach board somebody run plant front.,22,6,14,2022-01-21
364,B011,Recent serious loss soon nature guy itself about fine population three right human rather.,50,20,6,2025-06-03
365,B011,Product board learn blood history federal.,13,18,15,2024-01-13
366,B048,Ask investment issue administration forward sit question thank home moment.,3,0,8,2025-06-01
367,B037,Suggest watch break change long difficult camera tough good economy.,23,7,7,2024-01-03
368,B049,Before often law agreement be nice party want house lot democratic.,8,17,15,2023-12-02
369,B039,Street why capital rock civil investment really area life.,24,20,13,2021-11-20
370,B011,To enjoy well also hotel sit federal car marriage participant car act son society kind door rich.,45,6,11,2022-06-06
371,B036,Turn situation work little somebody network today leave subject nice candidate father.,21,11,10,2022-07-08
372,B027,Popular rise country radio someone anything article reality carry although turn might lay.,15,9,12,2022-01-05
373,B007,Just fine present while newspaper argue forward performance.,18,14,13,2025-04-11
374,B032,Kind debate best important eight wear make hotel well approach near call day one carry.,26,12,14,2022-10-11
375,B046,Exist read visit education contain money.,12,8,13,2023-01-03
376,B012,Until move brother decade anyone box attorney concern break.,40,15,5,2024-07-15
377,B027,Technology establish safe without contain it green course cup.,43,9,6,2024-05-11
378,B024,Bed world force couple style painting operation weight.,32,1,13,2024-10-29
379,B004,Language range affect pattern mission sell sing audience interview then health parent.,1,9,2,2020-12-05
380,B046,Push sure reveal form heavy explain people.,41,5,3,2021-03-17
381,B041,Also condition road may oil argue thus particular town street.,13,14,11,2024-06-18
382,B049,Should great manage explain country hard key.,30,11,6,2022-12-31
383,B012,Product rock land discover both interest year.,42,5,9,2022-10-03
384,B022,Next ahead prevent tree stage cold film pick.,46,3,0,2021-01-29
385,B035,Option oil set high reality what who behavior remember moment building article including represent friend.,27,13,11,2025-06-01
386,B030,Home big early prove trial decide relate discover.,43,14,11,2025-10-31
387,B006,By politics natural tree answer black someone claim.,26,9,12,2021-09-07
388,B013,Politics wish dark address relationship way.,28,10,1,2021-04-09
389,B034,Inside laugh peace area security stand suffer anyone rich oil.,11,12,13,2023-09-04
390,B017,May produce reality hour nice trip.,22,7,13,2025-06-08
391,B049,State now machine family own bit front year.,22,0,15,2025-07-13
392,B011,That down nature easy those term shoulder among still analysis risk fall tough group why able day attack.,28,9,8,2021-07-06
393,B020,Agree exist become indeed.,47,14,15,2021-02-14
394,B006,Relationship national share its star professional every drop.,24,13,3,2023-09-19
395,B046,Reduce actually church color gas camera easy full term.,42,5,12,2022-08-06
396,B021,Group middle involve since reveal would.,49,5,2,2021-07-13
397,B036,Man purpose six down plant knowledge ball structure interesting mention resource either recognize single ten.,27,11,12,2023-01-08
398,B016,Pass respond would everything sometimes within clearly process common worker item better series doctor dark.,20,12,3,2024-03-27
399,B028,Door medical mission commercial rest drug difference short kitchen room war.,2,4,4,2024-05-07
400,B039,Special lawyer sort leader base tonight Mrs but thing law poor.,21,2,3,2022-08-31
401,B031,Direction institution consider everyone carry rule respond tonight book lot turn.,43,17,15,2024-12-26
402,B009,Look central admit near yes so American discuss.,26,15,15,2022-06-17
403,B022,Leader opportunity like wide own you current check smile wall.,1,12,8,2021-03-08
404,B040,Top everybody grow someone yourself produce.,13,17,6,2021-02-26
405,B030,A watch easy player range science fear fall in including measure order image.,14,1,6,2025-05-30
406,B014,Security hold agreement young include sport.,8,19,9,2021-07-05
407,B008,Model white save industry certain despite spend open check necessary low particularly.,37,16,8,2023-11-17
408,B026,She strategy manage around they conference impact single prevent.,26,15,10,2021-07-25
409,B040,How sit drug police hot avoid.,27,14,15,2025-11-06
410,B046,Science part situation cup someone teacher old modern spend.,40,19,4,2022-01-03
411,B032,Card goal bed place market there worry.,21,7,4,2021-09-18
412,B034,Above option type throw.,25,4,0,2021-07-12
413,B028,Appear partner full picture brother reveal need.,41,14,13,2022-08-26
414,B050,Increase have edge very she prepare music on.,41,0,13,2022-09-16
415,B013,Billion step but difficult support represent through then blood actually together gas believe past fear night strong.,17,15,13,2022-02-04
416,B001,Boy music child important up dinner line vote one right benefit huge.,6,13,1,2021-04-23
417,B008,Third consumer expert loss big federal soldier.,29,11,2,2024-10-01
418,B046,Person realize child son expect stock improve reflect draw military third phone wonder growth possible.,47,7,1,2024-06-07
419,B013,Debate give present president single one feeling pressure third sister high up common ago south.,34,18,10,2023-10-14
420,B003,Anyone he put bed pass list decade.,18,20,10,2022-12-27
421,B002,Nothing language government accept thus discussion blue generation cold among experience mention break.,27,19,15,2022-05-12
422,B040,Maybe fall necessary play city wonder enter evidence.,14,6,12,2023-08-10
423,B005,Decision page who that gas throughout social discussion expect structure down can impact.,49,2,12,2022-08-07
424,B035,Avoid none action bit industry for instead dream.,34,15,4,2025-04-08
425,B011,Him treat the how threat may traditional or nature truth his.,27,10,10,2022-01-14
426,B050,Reality like why sign ready concern add itself ahead order administration ago officer.,22,18,1,2021-10-17
427,B014,Worker catch sell view paper try well suffer.,15,6,7,2021-10-15
428,B023,Small low down feeling past view year evidence professor notice total.,14,12,12,2023-10-08
429,B007,Easy main under truth growth too.,31,6,8,2022-04-09
430,B038,Billion few especially between player decide third we population man explain station check election decide history only business.,12,10,14,2023-11-22
431,B034,Employee represent population discuss available must.,6,12,12,2024-09-04
432,B006,Forward friend possible itself trial major exist few both open type some head do.,35,19,14,2024-08-30
433,B015,Design father eye organization poor prove than field my approach leg expect.,3,17,5,2021-07-09
434,B013,Sometimes street throw town store.,1,11,10,2025-07-13
435,B014,Measure wide away western lay imagine great their.,40,7,0,2022-07-28
436,B015,Interesting different if product clearly past especially.,3,2,0,2022-10-12
437,B047,Hold couple government.,9,16,5,2022-07-24
438,B008,Area now catch such magazine visit international expert get.,40,3,8,2023-05-13
439,B006,Imagine well letter five part strategy.,36,18,10,2025-09-03
440,B025,Family star clear speech those same language particularly take.,28,16,13,2021-04-23
441,B034,Treat again high throughout lose wish whatever single improve drop candidate stand consider.,32,9,9,2024-11-04
442,B008,Church positive task pick option though church.,31,4,2,2023-03-31
443,B022,Prepare guy road serve million suddenly interest population you.,48,7,1,2023-01-20
444,B013,Market although beyond benefit.,25,1,13,2024-04-16
445,B005,Economy laugh firm lot dog country.,17,3,10,2022-02-28
446,B016,Full between blue middle.,26,13,10,2024-05-22
447,B009,List rule prove ground real either collection where able.,23,0,9,2022-07-30
448,B018,Every final interesting lead listen development wide event forward war physical fear grow science.,27,20,11,2022-01-20
449,B015,Guy force road action approach be instead rock yeah recognize event building.,25,8,0,2024-08-15
450,B042,Claim section top business foreign certain important from specific.,49,20,8,2023-08-13
451,B035,Cold reality water very dog stop provide role thought Mrs.,18,20,8,2024-06-23
452,B031,Miss right provide.,17,10,13,2024-08-26
453,B009,Television benefit quality western dream door see three while government.,3,4,13,2023-02-10
454,B019,Will effort reduce in wall do call.,43,12,0,2025-06-01
455,B032,Single without member oil or early sing design.,8,6,7,2025-04-19
456,B036,Her response test try card most relate girl develop while.,23,16,12,2022-04-24
457,B032,Board thank business want yard executive soldier.,3,5,11,2024-12-17
458,B002,Crime town look teacher size some.,27,4,3,2021-12-26
459,B039,Network consumer stand star apply spend blood usually role father of cover.,3,2,10,2024-12-25
460,B023,Fine firm pay thought five relationship nothing special ten voice market professor edge effect sure find concern wait side beautiful.,26,13,15,2025-06-25
461,B033,Impact take economic maintain effect message concern risk difficult condition.,36,2,5,2023-08-07
462,B021,Economy probably those become need.,39,9,6,2021-09-18
463,B012,Shake station purpose since who raise fly growth seven realize and sort ago manage if student course.,19,7,3,2023-03-12
464,B016,Born number know most effect everybody third land body clear however interview.,0,9,7,2022-10-15
465,B029,School system himself son its lay west treat end their put peace though argue big.,39,12,14,2025-08-03
466,B044,Teacher organization probably among step decide child.,25,13,0,2022-07-20
467,B045,Law employee mention make store candidate.,44,19,8,2021-04-28
468,B040,Thus college use such serve I war treat.,37,1,12,2021-06-25
469,B004,She especially final administration.,46,11,0,2021-12-09
470,B014,Structure common risk edge factor hundred.,42,1,9,2021-04-13
471,B038,Religious hot lot front beautiful well cultural animal look answer senior the.,36,17,0,2022-02-21
472,B009,Use suffer whole trial lawyer news east management my success better.,40,2,3,2025-03-26
473,B033,Little often rest she me test program position wall tend wish box without.,1,6,3,2025-08-31
474,B005,Catch yard statement address tell reveal Republican voice another.,34,11,3,2022-05-15
475,B020,Yard that trouble.,24,15,7,2023-10-14
476,B049,Edge avoid commercial radio western rate seat discussion attack must design lose somebody base reach.,2,10,1,2024-01-13
477,B041,Bill today father fear executive free model suffer water city walk hit impact party bar respond less human crime have beat.,4,8,10,2023-04-10
478,B029,Business final able whole into.,0,13,13,2025-05-31
479,B031,Listen nearly cup.,9,18,7,2023-12-28
480,B020,Common order certain nearly Mr gun wish yard have if later type end fill mention east rest.,15,19,7,2022-06-13
481,B016,Water father leader director financial.,0,4,0,2022-03-14
482,B003,Public including international mother quite expect test live assume.,31,1,13,2021-12-18
483,B013,Cover method ask thank social enough generation traditional nation occur late simple move investment almost.,9,3,10,2024-04-26
484,B015,Wish woman take receive appear to several out inside suddenly site.,14,17,3,2023-03-12
485,B034,Send room both throw day.,46,8,13,2021-10-18
486,B002,Beat career trial.,6,14,14,2021-04-22
487,B019,Easy their base over realize expert realize.,37,3,5,2024-08-30
488,B026,Me form short agency officer fear common nothing place you outside common.,10,8,11,2023-05-25
489,B033,Its wide have fast respond president coach stay trip.,11,3,5,2024-03-22
490,B033,Instead cost nearly writer serious population involve after total already throw religious gas real certain hundred.,12,11,14,2022-04-16
491,B014,Have involve apply physical so why government ball social manager then soon movement us cup cold.,25,19,8,2022-01-05
492,B011,Spend area live year break see rich instead former whether realize ever.,25,15,3,2021-07-23
493,B003,Production foot over medical environmental appear north.,1,6,6,2024-12-12
494,B028,Nearly hotel finally field animal available level lay TV population would stop.,6,10,8,2021-03-03
495,B033,Against nature clear hot hear although strong.,45,17,12,2025-11-07
496,B029,Side leader among.,38,10,4,2023-02-20
497,B016,Keep south state card example.,45,11,13,2023-05-15
498,B042,Sometimes push none pretty wide team.,9,2,9,2023-05-17
499,B044,Easy wife care agree bit company themselves impact experience everyone six then also dinner top several garden sit.,43,14,9,2024-07-18
500,B003,A article page community customer.,12,18,11,2022-09-24
501,B019,Dog responsibility result world.,46,12,11,2022-11-17
502,B014,Everyone turn watch growth talk throughout us.,46,18,14,2023-09-13
503,B003,Rather left black crime reduce author especially trade age school early open result behavior respond provide smile.,32,15,1,2024-03-06
504,B001,Something although protect community.,39,20,8,2022-08-28
505,B004,Concern need what natural bar person rule task poor son memory speak doctor president from pattern church he.,13,10,0,2023-12-11
506,B029,Little page such huge quickly front her work thank focus enter team.,9,1,11,2024-04-02
507,B001,Less right tonight both day worker source church enough Congress person.,32,19,6,2025-05-07
508,B013,Maybe could newspaper present save far try occur set each head system sister those.,4,16,13,2024-09-15
509,B013,Everything this next station such her in condition son able mind.,42,3,2,2025-07-04
510,B040,Thought represent professional study medical next tough this forward learn magazine street happen.,10,0,3,2021-12-16
511,B009,Attack machine hit focus force money player place improve water work wrong so.,5,11,0,2022-03-28
512,B035,Free large paper same leave name operation head.,31,16,6,2022-04-23
513,B013,Approach establish these whose work peace beat.,49,10,8,2021-12-31
514,B017,Seven really thing save huge point government heavy production whole.,12,11,13,2025-01-19
515,B047,Within somebody might key sell others push.,44,16,1,2022-10-22
516,B047,Food culture set if today daughter safe which clearly worker.,13,19,8,2025-08-23
517,B025,Throughout key power provide break but.,34,1,6,2022-01-08
518,B022,Glass record great later.,34,0,12,2021-02-03
519,B033,Eat begin hair realize generation southern provide late.,18,0,1,2023-03-01
520,B049,Social TV born.,6,0,15,2023-04-17
521,B043,Live buy live catch bar big box into.,30,20,14,2025-10-14
522,B036,Experience enjoy myself police effect pay.,42,18,14,2024-06-17
523,B005,Dinner bit community rich fear amount others guy ground among suffer memory.,8,1,14,2022-10-05
524,B041,Any film edge offer finally stock nice.,16,4,13,2023-03-24
525,B016,Through film sometimes great fill sea up Congress military sea work sea.,11,9,5,2025-02-27
526,B033,After tough financial.,45,13,12,2021-10-01
527,B039,Any tend series popular save number voice while.,40,8,7,2022-08-23
528,B019,Large around others unit television itself student benefit now but.,27,20,13,2021-09-21
529,B011,Partner believe history force station special something history.,2,6,7,2021-02-07
530,B029,Choice huge go stage for.,39,18,8,2024-05-21
531,B025,Seem Republican either yourself south how past develop expert management admit.,15,7,3,2022-05-20
532,B027,Pick pattern as card.,43,20,11,2021-02-13
533,B022,Give population professional something specific country mention southern church direction ok find.,7,12,11,2025-04-17
534,B033,Budget write in rate professional age her seek rich age rich offer remain.,18,1,3,2025-09-16
535,B031,Quality than upon doctor myself operation eye quickly show head.,38,16,4,2022-01-09
536,B026,Cell him size open once wait off summer.,31,5,15,2022-07-12
537,B027,Answer political raise stand here see.,11,8,14,2021-11-08
538,B043,Us move hundred direction air camera stop language whether international represent order together hit student why key game feeling his.,32,8,6,2025-08-22
539,B023,Consumer whether away read.,28,0,3,2025-03-24
540,B038,Beautiful event certainly involve lead generation base investment not ahead friend task thousand ball.,24,4,9,2022-03-17
541,B028,School east those no hour view.,34,0,7,2022-01-26
542,B024,Carry need buy test half total.,47,7,6,2022-05-04
543,B008,Voice event onto activity store writer act thousand standard listen trial factor character boy pull guy interview character clearly.,32,6,0,2022-10-05
544,B004,Home above dream here activity popular chair wide wide ask pick hear hour book of.,21,1,11,2022-10-29
545,B029,Many for tough money exist tough local.,39,0,10,2025-04-27
546,B029,Start theory bit side story sit hotel.,22,20,13,2022-11-25
547,B015,Be rate activity campaign spring off stuff what cultural season most bank group eat forward.,35,0,2,2023-01-04
548,B044,Option sometimes low.,0,6,12,2021-05-26
549,B027,Group rock rock maybe position each step pattern option better be stay party voice.,35,14,15,2025-10-17
550,B003,Cell in but east respond weight night letter father what near seven.,26,0,1,2022-02-15
551,B003,Be brother find million next question win this assume become agent TV activity.,2,1,4,2023-08-26
552,B018,Course customer employee might return job brother rise western because.,48,9,7,2023-06-06
553,B016,Agent light dark real worker person force others reflect later campaign.,7,1,8,2024-01-16
554,B008,Public off ten teacher issue reveal out probably surface answer fear agency rate.,38,1,12,2024-03-24
555,B016,Together TV number part those rich discover standard benefit imagine international.,17,10,10,2022-05-24
556,B010,By party with east discuss mission.,16,15,1,2022-10-17
557,B042,Risk while dark same opportunity within raise total.,39,18,9,2024-12-18
558,B049,Training few marriage ready property exist conference two ready forget value fish compare blood piece.,6,6,0,2023-09-23
559,B047,Film character common natural single box either.,2,16,13,2022-10-19
560,B030,Attorney until structure business hand agree movement.,47,12,8,2024-08-23
561,B005,Hand whatever institution happen address focus change.,2,11,13,2023-04-12
562,B005,Do conference notice show herself.,42,16,8,2021-05-29
563,B022,Yes collection impact common road wait.,26,10,14,2022-03-19
564,B031,Perhaps particular more other news remain one.,13,1,0,2023-09-15
565,B005,Talk good floor mean anyone dog.,16,13,6,2021-05-30
566,B009,Produce mother again.,17,13,7,2021-06-14
567,B016,Into happy again grow as business human skin thousand it.,36,2,1,2024-07-29
568,B032,To policy air unit economic water institution any.,50,18,10,2024-09-22
569,B028,Hit season history.,24,0,13,2024-11-11
570,B032,Somebody part race push until improve.,19,20,14,2024-12-04
571,B005,High should job star response receive play seem have focus daughter stage next tell church international firm style.,19,14,8,2022-09-25
572,B001,Leader boy age local when require run want remember such hit ask hope painting.,47,5,11,2023-11-09
573,B047,Table adult author election really.,9,4,9,2023-05-09
574,B011,Explain energy trade language write arrive how raise soon meet firm.,47,8,1,2023-09-04
575,B037,Figure campaign ball prevent charge he how right social employee.,13,4,10,2022-01-05
576,B010,Add adult race court.,3,16,1,2024-02-06
577,B012,History notice region television.,43,15,1,2024-09-29
578,B020,Some answer research lawyer bar.,41,13,10,2022-04-12
579,B045,Current majority white city might control.,19,16,7,2024-01-04
580,B026,Make admit magazine fire operation.,7,13,8,2021-12-15
581,B013,Hold she follow point maintain us recognize time company must arm rate.,30,19,3,2022-07-01
582,B027,Politics road phone they study.,29,6,13,2021-02-09
583,B003,Yes business huge campaign right near argue mention seat possible.,44,16,4,2024-06-22
584,B008,Also arm policy it heavy major fine.,22,10,11,2023-02-27
585,B011,Itself number data fish kid blood thousand our thing adult hand pressure.,12,6,15,2024-07-23
586,B036,Site task old but carry condition our candidate option yeah generation court subject leave a.,10,14,1,2024-12-29
587,B013,Former near itself arm difference question must foot buy history ahead listen meeting season anything.,22,3,7,2021-04-11
588,B006,Affect some should perform reduce.,3,3,2,2024-07-22
589,B014,Minute himself such my.,25,1,15,2021-02-09
590,B020,Democrat number material statement office spend election possible amount.,22,20,11,2025-06-14
591,B027,Himself including look hit entire market southern staff meet service bag reach tax kind day.,10,5,6,2022-03-16
592,B024,Either offer worry college vote three language inside newspaper letter actually.,14,15,6,2022-11-07
593,B032,Culture sense hold.,12,5,12,2023-04-25
594,B019,Available guy night.,29,20,0,2025-01-26
595,B034,Your goal south practice pretty charge institution citizen reality voice report student house explain word more.,19,7,1,2024-09-22
596,B050,Wide white anyone rest ball level lot require forget edge bad.,48,1,7,2025-07-16
597,B014,Certainly spend agency like nothing situation six body allow old sort mention.,2,8,11,2023-06-26
598,B035,Sure of less imagine garden laugh work recent store loss field walk every life house.,36,15,8,2022-11-28
599,B041,However sort site drive across.,43,18,3,2024-07-20
600,B040,Yourself two treatment until son plan.,17,15,9,2025-10-30
601,B003,Always information option student else in door after join nor people fear physical arrive.,11,5,0,2022-08-03
602,B028,Field class instead Mr how across picture since treatment fight.,31,8,15,2022-07-29
603,B015,If heart science realize may social firm.,3,11,1,2021-04-17
604,B019,Night take act race know quite collection street question risk.,34,13,5,2025-11-25
605,B009,Catch song focus ok game another million old draw admit well will treat southern.,44,10,2,2025-05-10
606,B008,Father week main class trial toward return real space something.,16,5,1,2022-08-14
607,B008,Its operation major for talk under science during.,13,15,13,2024-02-28
608,B008,Career college they movement memory wear than public success reflect.,16,8,0,2023-11-12
609,B036,Half to wear pull including why which fire opportunity until.,22,7,10,2022-02-02
610,B039,Effect table others nature book peace treat evidence suggest.,5,14,6,2023-05-23
611,B034,Billion strategy media maybe late simple fund sister skin certain throw trouble long commercial.,24,4,5,2023-08-30
612,B040,Quality usually race term others will enjoy couple wish particular control want entire education glass.,24,5,9,2023-04-01
613,B043,Expert everything hair appear lot continue.,33,0,0,2025-10-15
614,B012,Out Mrs stock cover company produce culture education follow involve.,31,5,7,2025-09-13
615,B035,Much test culture indicate something clearly animal always your we law oil store side program agent.,9,2,15,2024-09-29
616,B029,For somebody school herself record little talk reach event part.,18,12,12,2024-02-21
617,B036,All small analysis ask choose during college everyone.,17,8,12,2025-06-05
618,B049,Huge human here help leader people hope party conference second why land north.,49,5,8,2022-09-06
619,B015,I top career.,49,1,1,2024-06-27
620,B041,Discuss thing too tell at court chair.,30,0,12,2025-02-20
621,B017,South camera a that investment economic.,41,17,15,2021-01-08
622,B023,Vote little series suffer great of suggest church join involve much side.,26,4,10,2021-12-10
623,B022,Democratic whose organization late tonight mind treat test wall agent child.,37,3,13,2025-05-14
624,B049,We message five issue under leg kid law order clearly future.,14,18,12,2024-11-01
625,B001,Authority trial rule into on end.,32,9,8,2025-07-11
626,B030,Him beautiful room imagine sure challenge.,0,14,6,2022-02-23
627,B040,Up small work good dark than amount place blue.,46,4,2,2023-07-27
628,B004,Know report month rest in various agency deal particularly hour focus begin national service throughout behavior good.,35,5,10,2024-08-06
629,B026,Hotel wife too current do attack early.,22,15,9,2022-09-28
630,B009,Popular writer task worry exactly.,17,0,14,2025-04-12
631,B045,Teach these old skin middle pretty break.,50,10,6,2023-09-20
632,B040,Treatment several plan position court popular water kid reflect quite.,14,18,8,2025-01-22
633,B044,Grow soldier necessary state top theory industry.,44,19,9,2022-09-21
634,B035,Artist expert certain half bar.,48,18,6,2025-09-24
635,B005,Truth exactly result service word arrive determine.,9,4,12,2024-08-18
636,B006,Which member popular pick bit officer our say determine appear wear.,25,1,1,2025-05-25
637,B005,Foreign tell very book despite trouble officer commercial international employee me six field.,31,17,6,2024-08-26
638,B013,Hand international manage remain occur and successful better actually.,46,10,6,2021-02-20
639,B049,Form threat civil along energy.,18,18,2,2023-03-12
640,B006,Allow share test between PM institution as sport.,3,3,11,2024-11-09
641,B028,Want wind avoid garden join both.,42,1,10,2024-01-02
642,B049,Despite part mission black talk ten less recent.,33,16,4,2021-09-25
643,B031,Music easy outside music together appear our guess take it push.,40,8,1,2022-09-22
644,B023,Pm truth statement push staff above.,43,16,9,2024-04-03
645,B019,Figure interview mean such bar life second truth card safe.,3,0,1,2024-11-12
646,B021,Usually total how newspaper fund something open season identify day.,28,10,11,2021-09-17
647,B034,Program article room quality eye time.,39,13,15,2024-01-13
648,B031,Fly memory each attack next contain watch eye life.,44,10,0,2024-05-13
649,B038,Game material ball late teach we they.,2,8,2,2022-12-30
650,B033,Worry one call compare thing explain.,43,2,10,2022-07-05
651,B040,Social tell become fall.,1,20,0,2021-08-20
652,B046,Prevent front red at police time ability show every opportunity vote.,29,11,4,2022-12-10
653,B039,Many late movie give major produce beautiful wife.,18,6,9,2025-10-06
654,B015,Conference wrong whose garden a off statement financial table in.,47,14,2,2024-04-13
655,B049,Sure despite culture financial others action too just car catch face different itself.,18,0,13,2025-03-03
656,B037,We enter prove president simple long soon machine page tend institution.,28,14,12,2024-03-28
657,B031,Cover able worker establish beat right message five culture cell sure on.,29,5,14,2023-01-05
658,B041,American hospital kind stand dark old so wrong know throughout other.,40,20,11,2022-09-20
659,B044,Factor party rather old goal better open relationship yes interest institution area relate speak water idea sure professional well.,44,1,0,2025-01-10
660,B004,Yes natural value wrong prepare good.,43,0,8,2021-05-27
661,B015,Me woman free recognize manage mother enough now to.,42,9,9,2025-10-28
662,B011,Situation fish part visit your conference.,43,5,5,2022-11-07
663,B034,Year describe cost pressure include land.,13,1,0,2023-04-10
664,B024,Example deep read where property.,25,6,11,2021-03-16
665,B037,Enter research real work participant recognize reach deal natural fire own memory represent age ability small.,32,20,14,2021-11-02
666,B035,Time grow soldier.,50,1,2,2022-06-22
667,B049,Door point minute painting reason.,15,12,13,2023-04-06
668,B030,Car reality city bill base three individual finally money window report.,36,17,3,2024-05-30
669,B001,During sense tend.,6,9,4,2024-09-20
670,B011,Little without more each consumer guy school public range near indicate start.,38,7,12,2023-02-18
671,B036,Kid guy bad develop movie leader government home position paper sometimes walk including theory fire blue agree.,1,17,14,2025-10-04
672,B020,Rock though prove suddenly rise whatever south her.,35,19,11,2021-04-30
673,B005,Actually air population memory lot recent new election knowledge situation vote ball husband.,42,17,10,2021-02-03
674,B019,Eye rest gun senior candidate social resource.,39,6,0,2020-12-06
675,B004,Trip policy significant no society ahead law my city difference.,22,14,7,2024-02-05
676,B037,Night rather that pick fund power forward sense color rather boy.,2,14,14,2024-12-29
677,B019,Conference choice for play.,46,17,1,2021-10-14
678,B039,Up situation three music wait.,33,3,14,2022-06-03
679,B036,Authority sense idea thousand believe visit official think try.,24,17,12,2021-07-27
680,B031,Task plant fish ask.,20,17,4,2021-05-12
681,B013,Religious newspaper another game cup heavy again wonder no.,34,0,5,2023-02-08
682,B027,Task agent show arm firm simple keep green.,45,6,9,2025-01-12
683,B018,Nor difference control dark miss glass character example wind determine.,4,10,2,2025-08-31
684,B029,Than but benefit family ok light production magazine spring drug.,47,1,6,2022-08-25
685,B008,Record teacher onto sometimes approach thousand western even imagine effort.,44,9,14,2021-07-07
686,B025,Together product despite big long.,16,1,11,2023-07-11
687,B048,Kind reduce road item property material ask risk team senior key top organization care fish guy crime mention present.,1,0,15,2021-06-28
688,B041,Represent position which ahead list unit music difference goal goal almost benefit before enough about.,22,2,11,2021-04-13
689,B038,Paper available western this black site worry meet as.,18,1,14,2023-06-25
690,B044,Else rather drug star.,46,14,9,2024-01-29
691,B046,Customer surface main amount question who.,41,1,6,2022-09-11
692,B044,Walk ever fine.,30,10,13,2024-02-23
693,B036,Election head like fill activity social spend adult professor.,2,5,8,2024-06-09
694,B032,Official phone check audience professor risk.,4,10,10,2022-11-25
695,B025,Sport poor southern character theory across exactly business small.,34,17,4,2025-05-16
696,B029,Speak member laugh take candidate billion agree old hard without another.,29,10,4,2025-03-11
697,B023,Fund animal budget much room worry parent employee history affect ability.,50,8,12,2022-11-28
698,B012,Over use south weight measure kind significant possible skin similar receive TV.,23,10,10,2023-01-09
699,B034,Break scientist few send image policy.,19,10,9,2025-11-10
700,B026,Exactly when seat top gun really coach little argue teacher little create middle cut open manager.,19,11,9,2024-08-23
701,B003,According budget just person blue physical boy myself speak she.,5,15,15,2022-03-15
702,B022,Interesting let feel pass another home suddenly country dream religious local rise talk.,31,7,7,2025-07-02
703,B045,Mr window reduce child with.,33,2,3,2021-03-07
704,B006,Cell help respond man give first author son laugh spring week industry rock.,26,1,15,2025-01-10
705,B038,Dog nothing practice around population team throw.,15,17,6,2021-12-05
706,B014,Experience card audience what senior school.,6,9,6,2022-04-02
707,B042,Determine prove strong trip hold politics early program.,1,18,0,2020-12-21
708,B037,Behind staff thing may set improve consumer his.,39,2,2,2024-06-21
709,B038,Job action believe administration partner grow.,28,5,12,2021-06-21
710,B034,Language partner the through dark attorney draw level.,10,5,6,2023-07-13
711,B007,Teach religious machine find talk call it detail policy play left.,16,7,4,2025-11-04
712,B028,Small teach commercial short agency most firm show chair including build subject any growth.,46,15,0,2021-12-02
713,B015,Scene five look into product.,16,11,1,2021-01-19
714,B009,Trial take anyone job figure Mr skin natural western himself prepare.,4,8,8,2021-10-03
715,B004,Under capital bar pattern if already arrive challenge chance pick girl.,20,5,3,2021-06-09
716,B019,We oil place training carry arrive artist only never parent late down sometimes building environment.,24,3,0,2024-05-05
717,B043,Card anyone rather wait including statement up.,21,11,11,2025-09-26
718,B046,Democratic address indeed across everybody give small family light history.,39,18,13,2025-06-16
719,B016,Design statement home score stage.,49,17,15,2024-08-21
720,B038,Old fine fear entire treat across spring.,29,2,10,2021-10-29
721,B006,Memory good know bad kid follow effort fast chair.,9,9,7,2025-01-31
722,B037,Value involve beat share police degree body company husband camera husband deal local source music responsibility guess.,0,6,3,2021-08-29
723,B032,But unit quite first environmental.,25,9,7,2022-01-15
724,B004,Analysis civil red right effect maybe thus trouble together wish movie.,29,13,15,2024-05-27
725,B040,Enjoy since above computer would summer reach especially also worker message drug.,5,14,4,2024-01-30
726,B006,Care kind middle role decision president again population bring image start remain experience along computer.,38,1,2,2025-07-09
727,B037,Easy skill hard clearly address stay else meeting property suddenly theory food stop give type reveal.,25,2,1,2025-09-06
728,B047,Stand situation woman could surface me nearly about.,49,8,2,2023-12-31
729,B026,Crime energy service join economy about avoid collection will learn.,20,15,5,2021-08-04
730,B012,Serious impact society nor into.,1,12,5,2025-05-08
731,B022,Nor forget interesting ok movie public agent character.,45,4,3,2022-01-26
732,B031,Knowledge require nation test surface around chair room game exactly.,7,9,4,2023-06-05
733,B026,Beat natural factor environmental of source so option per make describe year street.,37,2,3,2021-05-21
734,B038,Level help any financial free industry black war work house.,7,14,7,2023-12-25
735,B011,International citizen fill history three scientist.,43,17,3,2022-12-09
736,B020,Piece soldier education million not.,40,15,9,2023-02-07
737,B001,Political lose manage seat whatever region look prepare establish physical.,2,9,2,2022-07-27
738,B017,Better respond happen south fly art sing possible.,38,11,5,2024-12-14
739,B016,Set certain suggest free operation color concern often girl reason whom pay realize spring lead five.,39,8,7,2025-09-27
740,B007,Forget what research become.,26,17,15,2021-12-17
741,B031,Form also old per act old before feeling couple control them then live most agent him young shoulder event thought behind.,16,13,13,2024-01-07
742,B037,Couple sell watch per finally area check whose smile free.,24,4,3,2025-07-27
743,B008,Participant money treatment national box crime discussion miss behavior produce model enjoy himself.,45,3,3,2023-01-24
744,B026,Seat while around pattern effort lay.,24,1,10,2021-05-22
745,B009,Debate evidence party short candidate.,33,20,13,2021-03-29
746,B042,Cause investment begin live court poor until spring sort staff stage serve.,11,6,10,2022-06-14
747,B008,Administration consumer like last read common buy attack use certainly opportunity perform day operation.,16,3,9,2023-09-18
748,B034,Sing visit soldier choose defense.,24,10,4,2021-08-12
749,B003,Hundred stage business travel other record project southern.,22,17,5,2021-05-03
750,B027,Couple particularly keep himself figure beyond fall threat show.,18,15,12,2022-01-29
751,B024,Artist on cold story base hair turn during build soon talk.,46,2,2,2022-04-20
752,B023,Process color marriage foreign rest.,24,7,0,2024-06-07
753,B012,Meeting claim particularly case occur use condition.,11,13,13,2022-09-02
754,B049,Cold wall worry project hope avoid to place in improve class social.,46,7,13,2023-01-28
755,B016,Since arm radio director worry picture action best.,49,4,4,2025-07-28
756,B021,True decade line action necessary strong rest.,27,7,3,2023-05-30
757,B046,Full attention human free.,13,20,14,2021-10-20
758,B026,Movie technology realize concern daughter positive rest.,24,2,0,2023-02-09
759,B010,Hundred loss network modern else million new role hundred.,10,8,1,2024-08-11
760,B002,Per old relationship chair image information election change another cultural him better.,0,17,11,2023-03-05
761,B030,Citizen card series which ok direction only kind economic we air forward hand have magazine.,14,13,8,2022-09-30
762,B028,Peace such act strategy a decision ask wall threat.,33,4,6,2024-07-20
763,B013,Read within tonight care article visit take possible those order bit magazine ok stand.,4,15,5,2023-12-18
764,B002,Hot best stop be stay whatever result exist.,32,14,12,2023-10-16
765,B006,Until game guy pull president base.,50,3,11,2020-12-02
766,B011,Data accept fish century major health we join probably ball Congress.,22,17,1,2023-11-22
767,B001,Spring particular agreement rest service head.,44,8,2,2023-05-17
768,B012,The white practice almost town would.,14,4,0,2023-12-14
769,B046,Yet region allow travel ability either within kitchen.,3,9,11,2025-08-02
770,B018,Home carry can in quickly memory door set similar choose brother eat lose material head century.,42,2,13,2025-03-06
771,B046,College along data on rate star matter prevent clear pull tell response.,39,7,15,2024-05-23
772,B021,Fear process feeling movie author charge hot friend would law live loss art tonight.,41,10,6,2023-09-07
773,B020,Free card treat them admit next wind defense simply why fill course foot that account everybody.,34,15,6,2021-08-06
774,B025,Trial option election so return speak treat position old.,40,13,8,2024-12-06
775,B012,Appear two morning baby state data do not reach.,43,3,6,2023-09-26
776,B037,Push else executive attention wait plant of foreign fight skill remember another letter issue rule.,17,20,15,2025-05-12
777,B046,Soon data natural continue listen new product mother fear reveal position it.,25,16,6,2025-02-27
778,B015,Very power surface be size write not staff none.,11,20,13,2025-10-31
779,B030,Debate visit event difference she.,50,17,2,2021-04-17
780,B013,Later here peace similar others attorney strategy yard.,9,6,0,2022-03-06
781,B013,Discuss heavy blood west pressure throughout near imagine plant.,35,13,9,2021-06-27
782,B001,Candidate hot red leave baby number real agreement week light.,6,14,11,2023-03-29
783,B050,Somebody conference cultural put mission small yourself take act hot.,47,8,14,2021-06-10
784,B002,Simple himself let bed industry customer success land network cup.,20,4,4,2021-11-13
785,B012,Memory account same head like explain impact series cost significant bit serious recognize hope rather.,25,2,11,2023-04-17
786,B018,Cost sing first name color with property.,28,5,6,2021-08-09
787,B008,Hair know approach win arrive pattern school floor.,50,1,11,2021-10-27
788,B044,Early thought east guess tell everyone charge bill between bring ground material though above.,17,8,8,2022-07-29
789,B013,Again trade newspaper green reality idea within.,22,18,10,2023-02-10
790,B047,Fill seek push although almost wish body they pretty everything price.,24,6,0,2024-06-04
791,B042,Clear but help against up stop clear.,12,13,3,2024-05-27
792,B013,However represent technology street require expert strategy oil authority rate explain senior thing.,0,5,1,2024-04-17
793,B024,Late control arm reason newspaper safe ability air nearly represent.,32,13,14,2022-07-17
794,B024,Receive total doctor positive particularly amount summer simply fear.,35,1,6,2021-04-13
795,B033,Form well next process save how over upon line need reality wonder treatment rule prove.,8,15,5,2022-06-07
796,B002,Southern rule respond.,46,10,0,2024-04-11
797,B042,She fire American model such miss year big time notice.,43,11,4,2025-06-17
798,B020,Street magazine say discussion owner present.,10,5,9,2023-04-03
799,B048,Remember sport take provide imagine hand member pay international.,2,9,1,2023-06-11
800,B033,Wear government control star mention firm way sister half.,19,4,7,2023-12-09
801,B048,Ok read music child source try shoulder everyone only however.,29,0,0,2022-09-16
802,B023,Crime benefit rule western loss.,6,2,1,2024-11-19
803,B001,Food rest guy.,34,2,4,2021-05-07
804,B013,Maybe court tree night billion forget.,34,7,2,2021-04-07
805,B005,Deal health heavy leader person.,29,3,4,2024-07-31
806,B048,Test them I their spend night keep very bag job say attention account change exactly.,50,0,11,2023-12-07
807,B039,Which particularly though mouth dog modern language response music hear education close how society.,35,19,10,2024-12-23
808,B047,Can paper bit size who.,40,11,10,2022-11-07
809,B035,Sea face red team foreign everybody win gas responsibility suddenly.,23,14,10,2024-12-18
810,B029,Each finish expert church find feeling land social sport make along language.,42,14,13,2022-01-05
811,B044,Fish sing late far beat fund at debate reduce good.,5,8,7,2025-03-13
812,B047,Exist organization put single game apply hard.,33,0,8,2024-10-08
813,B013,Record head begin resource member agency.,12,18,13,2021-10-29
814,B006,Make avoid while include.,20,7,10,2021-04-03
815,B025,Thus ten heavy production drug popular sing well stuff require issue beautiful cause thousand two.,41,10,8,2021-05-09
816,B012,Own window reason why.,42,8,15,2022-05-11
817,B009,None loss much system wide daughter lot black trial citizen thank effect oil north machine.,12,10,3,2022-02-07
818,B026,Bring development since instead manage.,1,15,11,2024-03-28
819,B004,General wish quality any notice firm address produce.,40,1,4,2024-06-18
820,B029,Any eat fall these.,47,8,0,2023-02-13
821,B027,Many more of especially edge one certain no wife college ability mother.,42,0,13,2022-02-01
822,B019,Other stage owner early significant argue economy sort.,24,18,7,2021-09-02
823,B050,Safe window each trade question not as experience term throughout thus million.,33,15,12,2023-08-27
824,B048,Dog note evening firm mind military author everybody dog still ever group.,32,14,13,2023-09-21
825,B023,Able least radio similar enjoy quickly.,3,19,11,2023-12-18
826,B046,Explain he manage because they majority spend cold break rise movie others opportunity.,11,10,14,2024-11-11
827,B005,President red campaign more run bit identify different side break model plant mean family.,4,8,0,2024-08-04
828,B027,Before successful rather daughter apply something population take tonight add investment.,25,8,13,2024-10-18
829,B003,Dark knowledge boy leader sense pressure decide matter career them purpose garden interest increase.,25,14,5,2023-01-01
830,B030,Sort against direction center certain.,10,15,12,2025-08-11
831,B003,West both American also community space radio assume manage laugh young win specific.,36,11,9,2024-12-16
832,B011,Agency than wear.,4,7,2,2024-12-22
833,B011,Lot difference important cause may PM town everything commercial forward have note perhaps opportunity sea.,31,12,3,2022-03-19
834,B040,Manager data before investment report politics.,35,0,1,2022-09-12
835,B031,Raise before until account.,39,10,2,2021-04-20
836,B031,Mission economic about structure miss election value production.,22,7,4,2021-04-15
837,B006,Significant citizen trip debate about particular policy story rate often.,10,9,13,2022-01-14
838,B023,Worker speech for discover could range help left minute.,25,0,15,2025-06-22
839,B013,Low else control cover item later dinner on quite.,0,9,5,2022-07-17
840,B013,Article scene strong read stage commercial federal pattern yeah majority.,22,7,11,2025-02-04
841,B019,Economy everything program order skill adult idea.,9,17,14,2025-02-26
842,B025,Then girl price for young me.,2,11,9,2021-08-30
843,B037,Also tonight their everyone cause institution.,9,12,4,2023-07-09
844,B035,School beautiful window believe paper natural money.,41,13,0,2024-03-20
845,B047,Newspaper power field reason Republican buy pass catch trip.,8,2,13,2024-12-14
846,B018,Remember energy defense tonight painting may us second trade bit.,13,11,3,2022-12-20
847,B016,Article civil sit later day wife four job need industry.,5,20,9,2023-05-29
848,B025,Risk great possible perform road it manager beyond.,41,14,5,2021-03-25
849,B030,Degree painting cell skin huge gun throw public.,20,10,13,2024-12-08
850,B011,Catch down brother until always rise.,8,6,8,2021-01-04
851,B030,Recognize increase hundred choose process coach.,21,16,10,2023-10-11
852,B040,Resource toward begin around blue garden hand tax someone read voice interest.,12,1,14,2025-05-20
853,B047,Environment everyone score visit seek artist language involve fly simple around audience partner themselves enjoy marriage.,38,13,7,2024-04-07
854,B041,Notice other give away federal PM agreement very start.,26,0,1,2024-08-03
855,B035,Process far feel stop receive long likely medical by.,33,15,12,2023-01-11
856,B024,Theory third him front yes design trip discuss whose opportunity.,17,19,13,2022-07-30
857,B016,Line year practice test yourself once stop south exactly.,7,8,4,2021-12-01
858,B046,Civil fast week capital beyond development again people.,3,1,4,2025-06-30
859,B007,Social dark already civil school international success window notice become after without read realize Mrs thus.,0,14,3,2021-03-11
860,B038,Start issue away impact cause collection turn fine fund style often.,1,14,6,2023-10-22
861,B045,Staff detail college lose.,29,1,9,2024-07-25
862,B045,Audience one pressure moment seven of bit animal result.,7,10,7,2024-05-27
863,B020,Week spend house give member process fear require people.,31,17,3,2023-03-14
864,B044,Through drop least son check pass society identify whose husband open anyone at.,30,4,3,2021-04-25
865,B004,Although bag tell.,44,18,14,2022-09-06
866,B041,Chair recent later child body own stuff figure subject peace measure note rule travel less investment traditional.,9,20,12,2024-03-25
867,B042,Anything worker group about tell one pull use.,16,2,14,2020-12-17
868,B031,If quickly environmental property other position.,29,13,6,2021-01-10
869,B018,Investment success Democrat senior heart with own.,37,11,7,2024-09-20
870,B024,Red purpose step here treatment yet environmental green some training nor miss.,21,6,12,2024-04-18
871,B002,Movement letter old product.,16,19,0,2021-04-30
872,B005,Although body black short full.,40,2,15,2023-04-28
873,B027,Protect left all agreement catch address student ball market this family prevent author.,39,1,10,2025-01-26
874,B042,Garden themselves partner kid give contain remember health explain college lawyer sea attack specific both individual.,1,3,8,2021-11-09
875,B001,Election through among from play edge expert.,34,12,6,2025-11-12
876,B039,Figure community learn there structure lot report person any be just interesting organization sure may.,35,6,3,2022-02-25
877,B039,Stop plant deep new course worry see yourself majority term energy catch feel.,25,14,4,2022-11-15
878,B015,Lawyer fact computer clearly.,45,6,13,2021-12-04
879,B028,Once dinner stage wait.,18,18,12,2022-03-10
880,B029,Newspaper save give force assume soon a.,40,12,0,2025-09-21
881,B011,Question home hour expert wife finally yet always account.,25,18,10,2021-09-02
882,B040,Until pay whose phone sea two increase about question full team effort wait leader.,10,16,8,2021-06-26
883,B009,Strong surface ever capital training black soldier example base hope.,13,12,1,2025-08-30
884,B039,Billion certainly leg for agreement chair.,14,17,2,2024-09-23
885,B031,Compare skin strategy yourself personal itself cold meet east cause probably.,32,16,15,2025-06-02
886,B039,Condition former sister over half major increase picture man term material boy mind look property machine level least yet.,31,19,4,2023-04-28
887,B035,Resource drive magazine how popular test evening scientist front ask.,32,4,15,2022-03-01
888,B001,Gun law imagine use southern sea federal service off meet from wish past save ability always easy college magazine.,39,14,0,2023-05-26
889,B037,Main production recent theory resource provide age experience truth get.,31,20,0,2024-01-02
890,B010,Power option save item stage effect issue name scene pull treat.,33,14,9,2022-10-21
891,B017,Receive boy game you at realize role experience take.,25,7,13,2021-04-28
892,B006,Environmental to else recent cup career fear quality success hundred popular.,29,6,11,2024-03-07
893,B020,No ten better respond feeling him force third other when.,42,15,10,2023-05-24
894,B027,Three different news live thing ball however way actually state just home.,7,18,0,2022-04-28
895,B038,Buy cup instead only major product property.,7,0,8,2025-07-03
896,B026,One better what scientist mind property spend.,19,17,7,2025-05-26
897,B014,All seek get rise interest professional agency approach.,8,0,7,2023-08-07
898,B044,Professor writer conference whole occur what smile stage notice.,33,1,9,2022-12-02
899,B021,Call in record about old remember teacher move.,48,11,14,2022-07-10
900,B007,These reduce road similar capital agree talk bar.,2,18,2,2021-02-04
901,B023,Report kid forward us statement seat.,11,9,4,2023-02-15
902,B013,Report high speech weight country success.,49,12,9,2021-04-03
903,B023,Win trouble government accept wish sense suggest table tree building police special meet.,50,14,10,2021-07-17
904,B033,Rule deep president call yes same simply sport story exactly student loss lose piece front.,28,9,11,2021-02-04
905,B008,Oil site either take son discover we third.,12,14,10,2021-10-02
906,B027,Hope claim administration budget see development finally both suggest or standard bar.,37,10,6,2025-03-05
907,B006,Score the allow would.,10,13,7,2023-12-23
908,B047,Energy against smile PM avoid country else candidate mother everybody my material.,13,12,9,2022-04-11
909,B026,Man spring second position down.,49,7,13,2021-03-25
910,B032,Sing need treatment send long agent attack.,1,10,13,2021-09-24
911,B010,Should upon heavy area draw often need full.,10,12,5,2023-10-06
912,B039,As world pretty drop name coach piece cultural none site information.,3,7,13,2023-02-18
913,B025,Test mean should environment property any baby address also.,50,13,2,2024-03-24
914,B007,Population partner town front reduce director car wonder indeed fast work admit Democrat hour.,32,4,3,2021-03-27
915,B023,Medical way tonight at day mother explain television degree their buy discuss present agent billion send factor.,7,1,15,2022-06-27
916,B032,Radio recognize himself item claim.,20,12,15,2023-05-20
917,B015,Decision easy fish there see laugh sit development side.,15,2,1,2024-02-14
918,B044,Hair seven southern.,48,10,7,2025-07-29
919,B036,Effort which they road during religious.,26,1,0,2024-03-14
920,B008,Line case song act couple.,45,6,3,2023-01-05
921,B047,Together government present computer ability child dog many middle something sign institution offer century maybe.,13,11,14,2025-11-10
922,B003,Respond matter whom wish whole now power window result vote.,29,10,8,2024-09-14
923,B010,Small occur expect citizen miss more nation.,11,5,4,2023-03-04
924,B046,Return ahead guess become purpose.,9,6,12,2023-04-16
925,B010,Administration right seek might wish direction fast stay vote apply.,22,7,14,2023-03-23
926,B046,Tend population single size suggest possible.,12,16,9,2025-01-10
927,B018,Interesting last above free rest there onto word interesting reduce letter seek.,34,11,0,2025-05-21
928,B048,Beat floor brother scene approach later seven able.,39,13,2,2021-10-30
929,B012,Prove newspaper professional apply market medical young pressure seek one after recently where.,0,8,11,2022-05-05
930,B035,Participant consider north article color degree will relate cell author outside building decide job book.,29,3,11,2025-03-25
931,B035,Read cut single.,24,3,1,2024-08-24
932,B001,Plant mother experience ability sing middle morning TV direction can major blood American best.,8,2,14,2023-09-05
933,B020,Theory language walk.,48,19,10,2020-12-29
934,B039,Court and beyond trip report yet firm.,15,17,0,2022-10-28
935,B046,Age stand stay chair human worker safe world.,21,7,6,2025-09-09
936,B030,Throw seek range political be rise cold.,30,1,12,2023-03-12
937,B043,Hundred the scene set book western garden television.,20,7,4,2022-05-22
938,B020,Church measure thing treat hundred similar product director.,30,12,5,2025-02-12
939,B001,Develop pass understand six voice hotel south resource risk series sport important half bar anything.,43,15,9,2020-12-28
940,B014,Answer Republican moment.,37,19,2,2025-10-26
941,B040,Throw foot future scene single.,47,19,6,2021-11-14
942,B038,Bring daughter candidate general year.,23,4,11,2024-08-14
943,B026,Enter tree indeed answer school street campaign within rock different have.,43,2,3,2022-03-01
944,B018,Down page reflect thing economy people.,5,15,7,2024-03-05
945,B004,Fire trade imagine if order population get between walk paper operation.,13,4,5,2024-06-01
946,B036,Sell officer parent chair against him area less score ever prepare wife month toward someone drop.,41,14,11,2024-05-18
947,B033,Vote issue idea social address.,3,15,8,2024-09-01
948,B013,Knowledge look image red policy someone.,10,5,3,2023-04-02
949,B003,Official exactly sign big fill back open create important.,7,6,1,2024-04-10
950,B050,Ok education exactly section scientist growth think.,50,7,0,2024-09-08
951,B041,Every rate other run bag movie shake name good develop hard capital five mission possible current home PM mention.,43,20,5,2025-10-30
952,B026,Leg something fact player side.,41,10,5,2020-12-08
953,B046,Subject also eight upon.,24,17,6,2024-11-10
954,B037,Describe same suffer experience or agree program there trip star fine amount those discover store focus.,33,4,4,2024-12-12
955,B025,Project already full team interview statement skill.,4,1,1,2023-03-19
956,B047,Car own remain group sound still wife senior firm policy school keep reality long alone interest.,27,2,6,2025-10-31
957,B005,Cultural add avoid glass few according into.,23,1,13,2021-05-21
958,B027,Large near radio democratic ask alone bring store where Republican election staff cost entire guy buy fall situation.,0,20,13,2025-11-14
959,B023,Baby among push chance stand never American professional even challenge represent each air consider executive.,49,4,2,2020-12-08
960,B025,Increase wear protect left.,25,10,11,2022-12-31
961,B006,Away have spend maybe center his economy start better live.,44,12,1,2024-12-28
962,B050,Risk TV fact agent little hard apply coach body career ago shake picture church low them down big region choice.,29,5,4,2023-05-25
963,B049,Main rise live church whole tend by teacher.,44,8,4,2023-11-08
964,B020,Available instead management war.,27,19,3,2021-07-12
965,B018,First pull friend to win eight where.,49,11,14,2023-03-14
966,B014,Hard office full century various side trip night young.,41,8,2,2021-04-23
967,B050,Leg hospital agent deep picture government authority bag.,6,19,14,2023-07-25
968,B046,Impact one evening system language author board chance culture positive laugh.,25,9,5,2023-02-02
969,B032,Responsibility plan trial meeting hot among would ask join church.,7,15,2,2024-09-04
970,B019,Include parent guy family blood there kid.,22,20,1,2021-11-04
971,B030,Which decade eye decide baby citizen.,17,20,7,2021-07-07
972,B029,Than act young security into concern crime end apply himself news.,2,15,11,2025-06-17
973,B032,Usually rise the knowledge police green at few chance.,9,11,15,2022-12-14
974,B045,Ready wife evidence fact my.,18,12,13,2022-09-28
975,B017,Administration push kind crime foreign let network ok seem old.,10,10,6,2025-10-19
976,B012,Catch become someone radio speech support adult how.,41,1,3,2021-12-19
977,B016,Central beautiful ten father method phone represent which keep.,1,8,1,2023-01-31
978,B019,Stock upon big leave age think too how training themselves situation pretty alone.,19,0,8,2024-08-30
979,B028,Say TV Democrat medical sometimes likely candidate agent sure in middle very ready scientist car.,47,13,8,2024-08-25
980,B037,State military turn meet training deal idea this which wind price difficult.,39,19,1,2022-07-02
981,B046,Compare teach office book.,11,1,5,2022-03-08
982,B008,Focus tell evening range recognize situation no energy task return foot indicate push thousand local drop share couple.,25,16,11,2024-06-05
983,B029,College crime serve draw enjoy western involve mother stay.,11,9,9,2021-08-01
984,B025,Key blood hotel idea agree newspaper nearly.,37,15,9,2024-10-19
985,B040,Ahead enter before environmental risk authority art.,4,2,8,2021-07-09
986,B035,True factor exactly else page for trip exist grow laugh cultural.,22,12,15,2023-02-27
987,B027,First college stay watch approach their impact career almost up author.,17,10,4,2024-11-04
988,B010,Political put stop professor wall perform event miss only sense again my theory believe night ok.,34,20,15,2023-09-29
989,B032,Mission operation laugh oil chance agree.,20,8,8,2023-07-07
990,B046,Reality use interview.,12,19,12,2022-09-22
991,B035,Computer less discover part hope food.,24,6,8,2023-07-22
992,B040,Per thought standard course accept ten.,22,20,12,2021-04-17
993,B001,Anything authority popular business.,9,10,15,2025-09-10
994,B002,Really help send family player record no evidence.,14,11,6,2021-09-09
995,B048,Black PM impact attention mention from evidence large picture card red friend increase least even.,50,1,10,2025-05-20
996,B008,Future own these way professional might media deep provide my these analysis figure whole significant site now.,47,18,0,2024-01-17
997,B030,Reveal quickly until north more also employee buy family budget eight.,9,18,0,2024-10-23
998,B039,Degree might full tend effort day ask public politics everyone air entire the anything.,12,4,14,2022-02-16
999,B041,South firm rest say film official goal coach beyond beyond financial year international seem size indicate more best born.,9,4,1,2024-11-22
1000,B014,Animal drop campaign less force style them west.,47,6,5,2023-06-18
